Workbook

Sheet 0. Read me
A1: EQUATOR RESOLUTION — Bottoms-Up Market Model (EQR-42)
A2: TAM / SAM / SOM by dispute pillar. v1.0 · 9 July 2026 · Confidential. Illustrative — inputs (blue) are estimates; re-verify with EQR-34 sources.
A4: Definitions | B4: TAM = annual disputes universe; SAM = digitally-addressable share; SOM = Equator's obtainable share (target year 3).
A5: How to use | B5: Change BLUE inputs only. Revenue = SOM units × avg revenue/case.
A6: Caveat | B6: Figures are directional estimates for planning, NOT a forecast. Sources in EQR-34.
A7: Units | B7: Disputes in units; revenue in ₹ crore (1 cr = ₹10,000,000).

Sheet 1. TAM-SAM-SOM
A1: 1 · TAM / SAM / SOM by pillar (target: Year 3)
A3: Pillar | B3: Annual disputes (TAM, units) | C3: Digitally addressable % | D3: SAM (units) | E3: Equator target share % | F3: SOM (units) | G3: Avg revenue/case (₹) | H3: SOM revenue (₹ cr)
A4: NBFC / lending | B4: 50000000 | C4: 0.3 | D4: =B4*C4 | E4: 0.01 | F4: =D4*E4 | G4: 1100 | H4: =F4*G4/10000000
A5: Consumer | B5: 20000000 | C5: 0.2 | D5: =B5*C5 | E5: 0.006 | F5: =D5*E5 | G5: 850 | H5: =F5*G5/10000000
A6: Commercial / MSME | B6: 5000000 | C6: 0.25 | D6: =B6*C6 | E6: 0.015 | F6: =D6*E6 | G6: 17000 | H6: =F6*G6/10000000
A7: Family / matrimonial | B7: 1500000 | C7: 0.1 | D7: =B7*C7 | E7: 0.01 | F7: =D7*E7 | G7: 11500 | H7: =F7*G7/10000000
A8: Securities | B8: 300000 | C8: 0.6 | D8: =B8*C8 | E8: 0.03 | F8: =D8*E8 | G8: 9000 | H8: =F8*G8/10000000
A9: Grievance / POSH | B9: 600000 | C9: 0.3 | D9: =B9*C9 | E9: 0.02 | F9: =D9*E9 | G9: 4000 | H9: =F9*G9/10000000
A10: International | B10: 80000 | C10: 0.4 | D10: =B10*C10 | E10: 0.02 | F10: =D10*E10 | G10: 145000 | H10: =F10*G10/10000000
A11: TOTAL | B11: =SUM(B4:B10) | D11: =SUM(D4:D10) | F11: =SUM(F4:F10) | H11: =SUM(H4:H10)
A13: SOM revenue at Year-3 target share (bottoms-up). Cross-check with EQR-17 driver model.

Sheet 2. Sensitivity
A1: 2 · Sensitivity — total SOM revenue (₹ cr) vs. blended target share
A3: Multiplier on target share → | B3: 0.5 | C3: 0.75 | D3: 1 | E3: 1.5 | F3: 2
A4: Total SOM revenue (₹ cr) | B4: ='1. TAM-SAM-SOM'!H11*0.5 | C4: ='1. TAM-SAM-SOM'!H11*0.75 | D4: ='1. TAM-SAM-SOM'!H11*1.0 | E4: ='1. TAM-SAM-SOM'!H11*1.5 | F4: ='1. TAM-SAM-SOM'!H11*2.0
A6: Illustrative; base = 1.00x uses the Year-3 target shares on ‘1. TAM-SAM-SOM'.
