Workbook

Sheet Read Me
B2: Equator Resolution — Settlement Compliance Tracker
B3: Track whether a Mediated Settlement Agreement is actually being honoured after signing.
B6: HOW TO USE
B7: - 'Payments': one row per maintenance/settlement instalment. Fill blue cells; Status updates itself.
B8: - 'Parenting Log': record scheduled contact/visitation and whether it happened.
B9: - 'Dashboard': live summary — total due, paid, arrears, compliance %.
B11: WHY IT MATTERS
B12: Post-settlement default is the biggest failure in family ADR. Early detection lets Equator trigger the
B13: return-to-mediation / variation clause before enforcement. Amounts due are enforceable as a decree (s.27).

Sheet Payments
A1: Settlement Compliance — Payments
A3: Due date | B3: Type | C3: Amount due (₹) | D3: Amount paid (₹) | E3: Date paid | F3: Status | G3: Days late
A4: 2026-08-05 | B4: Spousal maintenance | C4: 40000 | D4: 40000 | E4: 2026-08-04 | F4: =IF(D4>=C4,"Paid",IF(A4<TODAY(),"OVERDUE","Upcoming")) | G4: =IF(F4="OVERDUE",TODAY()-A4,0)
A5: 2026-09-05 | B5: Spousal maintenance | C5: 40000 | D5: 0 | F5: =IF(D5>=C5,"Paid",IF(A5<TODAY(),"OVERDUE","Upcoming")) | G5: =IF(F5="OVERDUE",TODAY()-A5,0)
A6: 2026-09-05 | B6: Child maintenance | C6: 25000 | D6: 25000 | E6: 2026-09-06 | F6: =IF(D6>=C6,"Paid",IF(A6<TODAY(),"OVERDUE","Upcoming")) | G6: =IF(F6="OVERDUE",TODAY()-A6,0)
F7: =IF(C7="","",IF(D7>=C7,"Paid",IF(A7<TODAY(),"OVERDUE","Upcoming"))) | G7: =IF(F7="OVERDUE",TODAY()-A7,0)
F8: =IF(C8="","",IF(D8>=C8,"Paid",IF(A8<TODAY(),"OVERDUE","Upcoming"))) | G8: =IF(F8="OVERDUE",TODAY()-A8,0)
F9: =IF(C9="","",IF(D9>=C9,"Paid",IF(A9<TODAY(),"OVERDUE","Upcoming"))) | G9: =IF(F9="OVERDUE",TODAY()-A9,0)
F10: =IF(C10="","",IF(D10>=C10,"Paid",IF(A10<TODAY(),"OVERDUE","Upcoming"))) | G10: =IF(F10="OVERDUE",TODAY()-A10,0)
F11: =IF(C11="","",IF(D11>=C11,"Paid",IF(A11<TODAY(),"OVERDUE","Upcoming"))) | G11: =IF(F11="OVERDUE",TODAY()-A11,0)
F12: =IF(C12="","",IF(D12>=C12,"Paid",IF(A12<TODAY(),"OVERDUE","Upcoming"))) | G12: =IF(F12="OVERDUE",TODAY()-A12,0)
F13: =IF(C13="","",IF(D13>=C13,"Paid",IF(A13<TODAY(),"OVERDUE","Upcoming"))) | G13: =IF(F13="OVERDUE",TODAY()-A13,0)
F14: =IF(C14="","",IF(D14>=C14,"Paid",IF(A14<TODAY(),"OVERDUE","Upcoming"))) | G14: =IF(F14="OVERDUE",TODAY()-A14,0)
F15: =IF(C15="","",IF(D15>=C15,"Paid",IF(A15<TODAY(),"OVERDUE","Upcoming"))) | G15: =IF(F15="OVERDUE",TODAY()-A15,0)
F16: =IF(C16="","",IF(D16>=C16,"Paid",IF(A16<TODAY(),"OVERDUE","Upcoming"))) | G16: =IF(F16="OVERDUE",TODAY()-A16,0)
F17: =IF(C17="","",IF(D17>=C17,"Paid",IF(A17<TODAY(),"OVERDUE","Upcoming"))) | G17: =IF(F17="OVERDUE",TODAY()-A17,0)
F18: =IF(C18="","",IF(D18>=C18,"Paid",IF(A18<TODAY(),"OVERDUE","Upcoming"))) | G18: =IF(F18="OVERDUE",TODAY()-A18,0)

Sheet Parenting Log
A1: Parenting / Visitation Log
A3: Date | B3: Scheduled contact | C3: Occurred? (Y/N) | D3: Notes
A4: 2026-08-10 | B4: Alternate Saturday, 10am-6pm | C4: Y
A5: 2026-08-24 | B5: Alternate Saturday, 10am-6pm | C5: N

Sheet Dashboard
B2: Compliance Dashboard
B5: Total amount due (₹) | C5: =SUM(Payments!C4:C18)
B6: Total amount paid (₹) | C6: =SUM(Payments!D4:D18)
B7: Arrears outstanding (₹) | C7: =C5-C6
B8: Payment compliance % | C8: =IFERROR(C6/C5,0)
B9: Instalments overdue (count) | C9: =COUNTIF(Payments!F4:F18,"OVERDUE")
B10: Scheduled contacts logged | C10: =COUNTA('Parenting Log'!A4:A17)
B11: Contacts occurred | C11: =COUNTIF('Parenting Log'!C4:C17,"Y")
B13: Compliance % = amount paid ÷ amount due. Investigate any OVERDUE line and trigger the return-to-mediation clause.
